{"drill_summary":{"fastest_shot_interval":1.599783,"timestamp":1757944504.60684,"total_elapsed_time":17.8,"total_shots":2},"records":[{"hit_area":"miss","hit_position":{"x":537.313415527344,"y":473.954650878906},"rotation_angle":0.112829126417637,"score":1,"target_type":"ipsc_mini_rotate","time_diff":0.0},{"hit_area":"miss","hit_position":{"x":805.970153808594,"y":742.636413574219},"rotation_angle":0.750715792179108,"score":1,"target_type":"ipsc_mini_rotate","time_diff":1.599783}]}