{"drill_summary":{"fastest_shot_interval":1.69881,"timestamp":1758111903.43488,"total_elapsed_time":4.5,"total_shots":2},"records":[{"hit_area":"CZone","hit_position":{"x":464.776123046875,"y":744.517211914062},"rotation_angle":0.466363102197647,"score":2,"target_type":"ipsc_mini_rotate","time_diff":0.0},{"hit_area":"DZone","hit_position":{"x":548.865661621094,"y":455.415618896484},"rotation_angle":0.192329168319702,"score":1,"target_type":"ipsc_mini_rotate","time_diff":1.69881}]}