{"drill_summary":{"fastest_shot_interval":0.896627,"timestamp":1758033344.57873,"total_elapsed_time":8.59999999999999,"total_shots":4},"records":[{"hit_area":"Miss","hit_position":{"x":804.089538574219,"y":732.9638671875},"rotation_angle":0.0,"score":1,"target_type":"2poppers","time_diff":0.0},{"hit_area":"Miss","hit_position":{"x":442.477600097656,"y":732.157836914062},"rotation_angle":0.0,"score":1,"target_type":"2poppers","time_diff":2.104173},{"hit_area":"Popper","hit_position":{"x":257.641784667969,"y":740.218322753906},"rotation_angle":0.0,"score":5,"target_type":"2poppers","time_diff":0.896627},{"hit_area":"Popper","hit_position":{"x":466.388061523438,"y":718.186401367188},"rotation_angle":0.0,"score":5,"target_type":"2poppers","time_diff":1.499941}]}