{"drill_summary":{"fastest_shot_interval":0.999637,"timestamp":1757943796.23252,"total_elapsed_time":20.2,"total_shots":2},"records":[{"hit_area":"miss","hit_position":{"x":26.8656711578369,"y":1253.1318359375},"rotation_angle":0.269200801849365,"score":1,"target_type":"ipsc_mini_rotate","time_diff":0.0},{"hit_area":"miss","hit_position":{"x":537.313415527344,"y":1011.31823730469},"rotation_angle":0.113418519496918,"score":1,"target_type":"ipsc_mini_rotate","time_diff":0.999637}]}