{"drill_summary":{"fastest_shot_interval":0.188807,"timestamp":1758111935.31215,"total_elapsed_time":0.7,"total_shots":2},"records":[{"hit_area":"DZone","hit_position":{"x":549.403015136719,"y":733.501281738281},"rotation_angle":0.22724711894989,"score":1,"target_type":"ipsc_mini_rotate","time_diff":0.0},{"hit_area":"DZone","hit_position":{"x":551.820922851562,"y":734.844665527344},"rotation_angle":0.307932525873184,"score":1,"target_type":"ipsc_mini_rotate","time_diff":0.188807}]}