{"drill_summary":{"fastest_shot_interval":2.00043,"timestamp":1757943806.88889,"total_elapsed_time":2.4,"total_shots":2},"records":[{"hit_area":"DZone","hit_position":{"x":537.313415527344,"y":473.954650878906},"rotation_angle":0.187379211187363,"score":1,"target_type":"ipsc_mini_rotate","time_diff":0.0},{"hit_area":"DZone","hit_position":{"x":268.656707763672,"y":742.636413574219},"rotation_angle":0.589048504829407,"score":1,"target_type":"ipsc_mini_rotate","time_diff":2.00043}]}