{"drill_summary":{"fastest_shot_interval":2.302312,"timestamp":1757944396.31706,"total_elapsed_time":4.6,"total_shots":2},"records":[{"hit_area":"CZone","hit_position":{"x":537.313415527344,"y":473.954650878906},"rotation_angle":0.62831836938858,"score":2,"target_type":"ipsc_mini_rotate","time_diff":0.0},{"hit_area":"CZone","hit_position":{"x":537.313415527344,"y":473.954650878906},"rotation_angle":0.26711505651474,"score":2,"target_type":"ipsc_mini_rotate","time_diff":2.302312}]}